"filename", "language", "Dart", "YAML", "Markdown", "Ruby", "C++", "Groovy", "Properties", "XML", "JSON", "Swift", "HTML", "Shell Script", "comment", "blank", "total"
"/Users/csells/Code/Other/flutter_ai_toolkit/CHANGELOG.md", "Markdown", 0, 0, 53, 0, 0, 0, 0, 0, 0, 0, 0, 0, 0, 52, 105
"/Users/csells/Code/Other/flutter_ai_toolkit/README.md", "Markdown", 0, 0, 101, 0, 0, 0, 0, 0, 0, 0, 0, 0, 0, 32, 133
"/Users/csells/Code/Other/flutter_ai_toolkit/analysis_options.yaml", "YAML", 0, 7, 0, 0, 0, 0, 0, 0, 0, 0, 0, 0, 2, 4, 13
"/Users/csells/Code/Other/flutter_ai_toolkit/deploy-demo.sh", "Shell Script", 0, 0, 0, 0, 0, 0, 0, 0, 0, 0, 0, 5, 0, 1, 6
"/Users/csells/Code/Other/flutter_ai_toolkit/example/analysis_options.yaml", "YAML", 0, 6, 0, 0, 0, 0, 0, 0, 0, 0, 0, 0, 22, 4, 32
"/Users/csells/Code/Other/flutter_ai_toolkit/example/android/app/build.gradle", "Groovy", 0, 0, 0, 0, 0, 34, 0, 0, 0, 0, 0, 0, 8, 7, 49
"/Users/csells/Code/Other/flutter_ai_toolkit/example/android/app/src/debug/AndroidManifest.xml", "XML", 0, 0, 0, 0, 0, 0, 0, 3, 0, 0, 0, 0, 4, 1, 8
"/Users/csells/Code/Other/flutter_ai_toolkit/example/android/app/src/main/AndroidManifest.xml", "XML", 0, 0, 0, 0, 0, 0, 0, 20, 0, 0, 0, 0, 11, 2, 33
"/Users/csells/Code/Other/flutter_ai_toolkit/example/android/app/src/main/res/drawable-v21/launch_background.xml", "XML", 0, 0, 0, 0, 0, 0, 0, 4, 0, 0, 0, 0, 7, 2, 13
"/Users/csells/Code/Other/flutter_ai_toolkit/example/android/app/src/main/res/drawable/launch_background.xml", "XML", 0, 0, 0, 0, 0, 0, 0, 4, 0, 0, 0, 0, 7, 2, 13
"/Users/csells/Code/Other/flutter_ai_toolkit/example/android/app/src/main/res/values-night/styles.xml", "XML", 0, 0, 0, 0, 0, 0, 0, 9, 0, 0, 0, 0, 9, 1, 19
"/Users/csells/Code/Other/flutter_ai_toolkit/example/android/app/src/main/res/values/styles.xml", "XML", 0, 0, 0, 0, 0, 0, 0, 9, 0, 0, 0, 0, 9, 1, 19
"/Users/csells/Code/Other/flutter_ai_toolkit/example/android/app/src/profile/AndroidManifest.xml", "XML", 0, 0, 0, 0, 0, 0, 0, 3, 0, 0, 0, 0, 4, 1, 8
"/Users/csells/Code/Other/flutter_ai_toolkit/example/android/build.gradle", "Groovy", 0, 0, 0, 0, 0, 16, 0, 0, 0, 0, 0, 0, 0, 3, 19
"/Users/csells/Code/Other/flutter_ai_toolkit/example/android/gradle.properties", "Properties", 0, 0, 0, 0, 0, 0, 3, 0, 0, 0, 0, 0, 0, 1, 4
"/Users/csells/Code/Other/flutter_ai_toolkit/example/android/gradle/wrapper/gradle-wrapper.properties", "Properties", 0, 0, 0, 0, 0, 0, 5, 0, 0, 0, 0, 0, 0, 0, 5
"/Users/csells/Code/Other/flutter_ai_toolkit/example/android/settings.gradle", "Groovy", 0, 0, 0, 0, 0, 22, 0, 0, 0, 0, 0, 0, 2, 5, 29
"/Users/csells/Code/Other/flutter_ai_toolkit/example/assets/README.md", "Markdown", 0, 0, 3, 0, 0, 0, 0, 0, 0, 0, 0, 0, 0, 0, 3
"/Users/csells/Code/Other/flutter_ai_toolkit/example/assets/recipes_default.json", "JSON", 0, 0, 0, 0, 0, 0, 0, 0, 296, 0, 0, 0, 0, 0, 296
"/Users/csells/Code/Other/flutter_ai_toolkit/example/ios/Flutter/AppFrameworkInfo.plist", "XML", 0, 0, 0, 0, 0, 0, 0, 26, 0, 0, 0, 0, 0, 1, 27
"/Users/csells/Code/Other/flutter_ai_toolkit/example/ios/Podfile", "Ruby", 0, 0, 0, 33, 0, 0, 0, 0, 0, 0, 0, 0, 2, 10, 45
"/Users/csells/Code/Other/flutter_ai_toolkit/example/ios/Runner.xcodeproj/project.xcworkspace/xcshareddata/IDEWorkspaceChecks.plist", "XML", 0, 0, 0, 0, 0, 0, 0, 8, 0, 0, 0, 0, 0, 1, 9
"/Users/csells/Code/Other/flutter_ai_toolkit/example/ios/Runner.xcworkspace/xcshareddata/IDEWorkspaceChecks.plist", "XML", 0, 0, 0, 0, 0, 0, 0, 8, 0, 0, 0, 0, 0, 1, 9
"/Users/csells/Code/Other/flutter_ai_toolkit/example/ios/Runner/AppDelegate.swift", "Swift", 0, 0, 0, 0, 0, 0, 0, 0, 0, 12, 0, 0, 0, 2, 14
"/Users/csells/Code/Other/flutter_ai_toolkit/example/ios/Runner/Assets.xcassets/AppIcon.appiconset/Contents.json", "JSON", 0, 0, 0, 0, 0, 0, 0, 0, 122, 0, 0, 0, 0, 1, 123
"/Users/csells/Code/Other/flutter_ai_toolkit/example/ios/Runner/Assets.xcassets/LaunchImage.imageset/Contents.json", "JSON", 0, 0, 0, 0, 0, 0, 0, 0, 23, 0, 0, 0, 0, 1, 24
"/Users/csells/Code/Other/flutter_ai_toolkit/example/ios/Runner/Assets.xcassets/LaunchImage.imageset/README.md", "Markdown", 0, 0, 3, 0, 0, 0, 0, 0, 0, 0, 0, 0, 0, 2, 5
"/Users/csells/Code/Other/flutter_ai_toolkit/example/ios/Runner/Base.lproj/LaunchScreen.storyboard", "XML", 0, 0, 0, 0, 0, 0, 0, 36, 0, 0, 0, 0, 1, 1, 38
"/Users/csells/Code/Other/flutter_ai_toolkit/example/ios/Runner/Base.lproj/Main.storyboard", "XML", 0, 0, 0, 0, 0, 0, 0, 25, 0, 0, 0, 0, 1, 1, 27
"/Users/csells/Code/Other/flutter_ai_toolkit/example/ios/Runner/Info.plist", "XML", 0, 0, 0, 0, 0, 0, 0, 55, 0, 0, 0, 0, 0, 1, 56
"/Users/csells/Code/Other/flutter_ai_toolkit/example/ios/Runner/Runner-Bridging-Header.h", "C++", 0, 0, 0, 0, 1, 0, 0, 0, 0, 0, 0, 0, 0, 1, 2
"/Users/csells/Code/Other/flutter_ai_toolkit/example/ios/RunnerTests/RunnerTests.swift", "Swift", 0, 0, 0, 0, 0, 0, 0, 0, 0, 7, 0, 0, 2, 4, 13
"/Users/csells/Code/Other/flutter_ai_toolkit/example/lib/cupertino/cupertino.dart", "Dart", 31, 0, 0, 0, 0, 0, 0, 0, 0, 0, 0, 0, 3, 9, 43
"/Users/csells/Code/Other/flutter_ai_toolkit/example/lib/custom_styles/custom_styles.dart", "Dart", 225, 0, 0, 0, 0, 0, 0, 0, 0, 0, 0, 0, 3, 18, 246
"/Users/csells/Code/Other/flutter_ai_toolkit/example/lib/dark_mode/dark_mode.dart", "Dart", 57, 0, 0, 0, 0, 0, 0, 0, 0, 0, 0, 0, 3, 11, 71
"/Users/csells/Code/Other/flutter_ai_toolkit/example/lib/demo/api_key_page.dart", "Dart", 90, 0, 0, 0, 0, 0, 0, 0, 0, 0, 0, 0, 0, 9, 99
"/Users/csells/Code/Other/flutter_ai_toolkit/example/lib/demo/demo.dart", "Dart", 307, 0, 0, 0, 0, 0, 0, 0, 0, 0, 0, 0, 3, 29, 339
"/Users/csells/Code/Other/flutter_ai_toolkit/example/lib/echo/echo.dart", "Dart", 20, 0, 0, 0, 0, 0, 0, 0, 0, 0, 0, 0, 3, 8, 31
"/Users/csells/Code/Other/flutter_ai_toolkit/example/lib/gemini/gemini.dart", "Dart", 29, 0, 0, 0, 0, 0, 0, 0, 0, 0, 0, 0, 3, 9, 41
"/Users/csells/Code/Other/flutter_ai_toolkit/example/lib/history/history.dart", "Dart", 133, 0, 0, 0, 0, 0, 0, 0, 0, 0, 0, 0, 12, 29, 174
"/Users/csells/Code/Other/flutter_ai_toolkit/example/lib/main.dart", "Dart", 29, 0, 0, 0, 0, 0, 0, 0, 0, 0, 0, 0, 3, 9, 41
"/Users/csells/Code/Other/flutter_ai_toolkit/example/lib/recipes/data/recipe_data.dart", "Dart", 81, 0, 0, 0, 0, 0, 0, 0, 0, 0, 0, 0, 3, 17, 101
"/Users/csells/Code/Other/flutter_ai_toolkit/example/lib/recipes/data/recipe_repository.dart", "Dart", 66, 0, 0, 0, 0, 0, 0, 0, 0, 0, 0, 0, 5, 19, 90
"/Users/csells/Code/Other/flutter_ai_toolkit/example/lib/recipes/pages/edit_recipe_page.dart", "Dart", 252, 0, 0, 0, 0, 0, 0, 0, 0, 0, 0, 0, 5, 27, 284
"/Users/csells/Code/Other/flutter_ai_toolkit/example/lib/recipes/pages/home_page.dart", "Dart", 121, 0, 0, 0, 0, 0, 0, 0, 0, 0, 0, 0, 3, 18, 142
"/Users/csells/Code/Other/flutter_ai_toolkit/example/lib/recipes/recipes.dart", "Dart", 36, 0, 0, 0, 0, 0, 0, 0, 0, 0, 0, 0, 3, 7, 46
"/Users/csells/Code/Other/flutter_ai_toolkit/example/lib/recipes/views/recipe_content_view.dart", "Dart", 72, 0, 0, 0, 0, 0, 0, 0, 0, 0, 0, 0, 3, 10, 85
"/Users/csells/Code/Other/flutter_ai_toolkit/example/lib/recipes/views/recipe_list_view.dart", "Dart", 81, 0, 0, 0, 0, 0, 0, 0, 0, 0, 0, 0, 3, 14, 98
"/Users/csells/Code/Other/flutter_ai_toolkit/example/lib/recipes/views/recipe_response_view.dart", "Dart", 53, 0, 0, 0, 0, 0, 0, 0, 0, 0, 0, 0, 10, 14, 77
"/Users/csells/Code/Other/flutter_ai_toolkit/example/lib/recipes/views/recipe_view.dart", "Dart", 53, 0, 0, 0, 0, 0, 0, 0, 0, 0, 0, 0, 3, 6, 62
"/Users/csells/Code/Other/flutter_ai_toolkit/example/lib/recipes/views/search_box.dart", "Dart", 34, 0, 0, 0, 0, 0, 0, 0, 0, 0, 0, 0, 3, 9, 46
"/Users/csells/Code/Other/flutter_ai_toolkit/example/lib/styles/styles.dart", "Dart", 219, 0, 0, 0, 0, 0, 0, 0, 0, 0, 0, 0, 3, 16, 238
"/Users/csells/Code/Other/flutter_ai_toolkit/example/lib/suggestions/suggestions.dart", "Dart", 34, 0, 0, 0, 0, 0, 0, 0, 0, 0, 0, 0, 3, 9, 46
"/Users/csells/Code/Other/flutter_ai_toolkit/example/lib/vertex/vertex.dart", "Dart", 33, 0, 0, 0, 0, 0, 0, 0, 0, 0, 0, 0, 4, 8, 45
"/Users/csells/Code/Other/flutter_ai_toolkit/example/lib/welcome/welcome.dart", "Dart", 34, 0, 0, 0, 0, 0, 0, 0, 0, 0, 0, 0, 3, 9, 46
"/Users/csells/Code/Other/flutter_ai_toolkit/example/linux/flutter/generated_plugin_registrant.cc", "C++", 0, 0, 0, 0, 15, 0, 0, 0, 0, 0, 0, 0, 4, 5, 24
"/Users/csells/Code/Other/flutter_ai_toolkit/example/linux/flutter/generated_plugin_registrant.h", "C++", 0, 0, 0, 0, 5, 0, 0, 0, 0, 0, 0, 0, 5, 6, 16
"/Users/csells/Code/Other/flutter_ai_toolkit/example/linux/main.cc", "C++", 0, 0, 0, 0, 5, 0, 0, 0, 0, 0, 0, 0, 0, 2, 7
"/Users/csells/Code/Other/flutter_ai_toolkit/example/linux/my_application.cc", "C++", 0, 0, 0, 0, 82, 0, 0, 0, 0, 0, 0, 0, 17, 26, 125
"/Users/csells/Code/Other/flutter_ai_toolkit/example/linux/my_application.h", "C++", 0, 0, 0, 0, 7, 0, 0, 0, 0, 0, 0, 0, 7, 5, 19
"/Users/csells/Code/Other/flutter_ai_toolkit/example/macos/Flutter/GeneratedPluginRegistrant.swift", "Swift", 0, 0, 0, 0, 0, 0, 0, 0, 0, 20, 0, 0, 3, 4, 27
"/Users/csells/Code/Other/flutter_ai_toolkit/example/macos/Podfile", "Ruby", 0, 0, 0, 33, 0, 0, 0, 0, 0, 0, 0, 0, 1, 10, 44
"/Users/csells/Code/Other/flutter_ai_toolkit/example/macos/Runner.xcodeproj/project.xcworkspace/xcshareddata/IDEWorkspaceChecks.plist", "XML", 0, 0, 0, 0, 0, 0, 0, 8, 0, 0, 0, 0, 0, 1, 9
"/Users/csells/Code/Other/flutter_ai_toolkit/example/macos/Runner.xcworkspace/xcshareddata/IDEWorkspaceChecks.plist", "XML", 0, 0, 0, 0, 0, 0, 0, 8, 0, 0, 0, 0, 0, 1, 9
"/Users/csells/Code/Other/flutter_ai_toolkit/example/macos/Runner/AppDelegate.swift", "Swift", 0, 0, 0, 0, 0, 0, 0, 0, 0, 11, 0, 0, 0, 3, 14
"/Users/csells/Code/Other/flutter_ai_toolkit/example/macos/Runner/Assets.xcassets/AppIcon.appiconset/Contents.json", "JSON", 0, 0, 0, 0, 0, 0, 0, 0, 68, 0, 0, 0, 0, 1, 69
"/Users/csells/Code/Other/flutter_ai_toolkit/example/macos/Runner/Base.lproj/MainMenu.xib", "XML", 0, 0, 0, 0, 0, 0, 0, 343, 0, 0, 0, 0, 0, 1, 344
"/Users/csells/Code/Other/flutter_ai_toolkit/example/macos/Runner/Info.plist", "XML", 0, 0, 0, 0, 0, 0, 0, 34, 0, 0, 0, 0, 0, 1, 35
"/Users/csells/Code/Other/flutter_ai_toolkit/example/macos/Runner/MainFlutterWindow.swift", "Swift", 0, 0, 0, 0, 0, 0, 0, 0, 0, 12, 0, 0, 0, 4, 16
"/Users/csells/Code/Other/flutter_ai_toolkit/example/macos/RunnerTests/RunnerTests.swift", "Swift", 0, 0, 0, 0, 0, 0, 0, 0, 0, 7, 0, 0, 2, 4, 13
"/Users/csells/Code/Other/flutter_ai_toolkit/example/pubspec.yaml", "YAML", 0, 33, 0, 0, 0, 0, 0, 0, 0, 0, 0, 0, 0, 5, 38
"/Users/csells/Code/Other/flutter_ai_toolkit/example/web/index.html", "HTML", 0, 0, 0, 0, 0, 0, 0, 0, 0, 0, 19, 0, 15, 5, 39
"/Users/csells/Code/Other/flutter_ai_toolkit/example/web/manifest.json", "JSON", 0, 0, 0, 0, 0, 0, 0, 0, 35, 0, 0, 0, 0, 1, 36
"/Users/csells/Code/Other/flutter_ai_toolkit/example/windows/flutter/generated_plugin_registrant.cc", "C++", 0, 0, 0, 0, 18, 0, 0, 0, 0, 0, 0, 0, 4, 5, 27
"/Users/csells/Code/Other/flutter_ai_toolkit/example/windows/flutter/generated_plugin_registrant.h", "C++", 0, 0, 0, 0, 5, 0, 0, 0, 0, 0, 0, 0, 5, 6, 16
"/Users/csells/Code/Other/flutter_ai_toolkit/example/windows/runner/flutter_window.cpp", "C++", 0, 0, 0, 0, 49, 0, 0, 0, 0, 0, 0, 0, 7, 16, 72
"/Users/csells/Code/Other/flutter_ai_toolkit/example/windows/runner/flutter_window.h", "C++", 0, 0, 0, 0, 20, 0, 0, 0, 0, 0, 0, 0, 5, 9, 34
"/Users/csells/Code/Other/flutter_ai_toolkit/example/windows/runner/main.cpp", "C++", 0, 0, 0, 0, 30, 0, 0, 0, 0, 0, 0, 0, 4, 10, 44
"/Users/csells/Code/Other/flutter_ai_toolkit/example/windows/runner/resource.h", "C++", 0, 0, 0, 0, 9, 0, 0, 0, 0, 0, 0, 0, 6, 2, 17
"/Users/csells/Code/Other/flutter_ai_toolkit/example/windows/runner/utils.cpp", "C++", 0, 0, 0, 0, 54, 0, 0, 0, 0, 0, 0, 0, 2, 10, 66
"/Users/csells/Code/Other/flutter_ai_toolkit/example/windows/runner/utils.h", "C++", 0, 0, 0, 0, 8, 0, 0, 0, 0, 0, 0, 0, 6, 6, 20
"/Users/csells/Code/Other/flutter_ai_toolkit/example/windows/runner/win32_window.cpp", "C++", 0, 0, 0, 0, 210, 0, 0, 0, 0, 0, 0, 0, 24, 55, 289
"/Users/csells/Code/Other/flutter_ai_toolkit/example/windows/runner/win32_window.h", "C++", 0, 0, 0, 0, 48, 0, 0, 0, 0, 0, 0, 0, 31, 24, 103
"/Users/csells/Code/Other/flutter_ai_toolkit/font_svg/README.md", "Markdown", 0, 0, 20, 0, 0, 0, 0, 0, 0, 0, 0, 0, 0, 6, 26
"/Users/csells/Code/Other/flutter_ai_toolkit/font_svg/reply_24dp_5F6368_FILL0_wght400_GRAD0_opsz24.svg", "XML", 0, 0, 0, 0, 0, 0, 0, 1, 0, 0, 0, 0, 0, 0, 1
"/Users/csells/Code/Other/flutter_ai_toolkit/font_svg/spark-icon.svg", "XML", 0, 0, 0, 0, 0, 0, 0, 4, 0, 0, 0, 0, 0, 1, 5
"/Users/csells/Code/Other/flutter_ai_toolkit/font_svg/submit-icon.svg", "XML", 0, 0, 0, 0, 0, 0, 0, 9, 0, 0, 0, 0, 0, 0, 9
"/Users/csells/Code/Other/flutter_ai_toolkit/lib/flutter_ai_toolkit.dart", "Dart", 6, 0, 0, 0, 0, 0, 0, 0, 0, 0, 0, 0, 13, 3, 22
"/Users/csells/Code/Other/flutter_ai_toolkit/lib/src/chat_view_model/chat_view_model.dart", "Dart", 24, 0, 0, 0, 0, 0, 0, 0, 0, 0, 0, 0, 24, 8, 56
"/Users/csells/Code/Other/flutter_ai_toolkit/lib/src/chat_view_model/chat_view_model_client.dart", "Dart", 16, 0, 0, 0, 0, 0, 0, 0, 0, 0, 0, 0, 19, 7, 42
"/Users/csells/Code/Other/flutter_ai_toolkit/lib/src/chat_view_model/chat_view_model_provider.dart", "Dart", 21, 0, 0, 0, 0, 0, 0, 0, 0, 0, 0, 0, 24, 8, 53
"/Users/csells/Code/Other/flutter_ai_toolkit/lib/src/dialogs/adaptive_dialog.dart", "Dart", 29, 0, 0, 0, 0, 0, 0, 0, 0, 0, 0, 0, 15, 4, 48
"/Users/csells/Code/Other/flutter_ai_toolkit/lib/src/dialogs/adaptive_dialog_action.dart", "Dart", 19, 0, 0, 0, 0, 0, 0, 0, 0, 0, 0, 0, 15, 7, 41
"/Users/csells/Code/Other/flutter_ai_toolkit/lib/src/dialogs/adaptive_snack_bar/adaptive_snack_bar.dart", "Dart", 32, 0, 0, 0, 0, 0, 0, 0, 0, 0, 0, 0, 16, 5, 53
"/Users/csells/Code/Other/flutter_ai_toolkit/lib/src/dialogs/adaptive_snack_bar/cupertino_snack_bar.dart", "Dart", 58, 0, 0, 0, 0, 0, 0, 0, 0, 0, 0, 0, 18, 10, 86
"/Users/csells/Code/Other/flutter_ai_toolkit/lib/src/dialogs/image_preview_dialog.dart", "Dart", 14, 0, 0, 0, 0, 0, 0, 0, 0, 0, 0, 0, 7, 6, 27
"/Users/csells/Code/Other/flutter_ai_toolkit/lib/src/llm_chat_view_controller.dart", "Dart", 78, 0, 0, 0, 0, 0, 0, 0, 0, 0, 0, 0, 52, 13, 143
"/Users/csells/Code/Other/flutter_ai_toolkit/lib/src/llm_exception.dart", "Dart", 16, 0, 0, 0, 0, 0, 0, 0, 0, 0, 0, 0, 24, 8, 48
"/Users/csells/Code/Other/flutter_ai_toolkit/lib/src/platform_helper/platform_helper.dart", "Dart", 2, 0, 0, 0, 0, 0, 0, 0, 0, 0, 0, 0, 3, 2, 7
"/Users/csells/Code/Other/flutter_ai_toolkit/lib/src/platform_helper/platform_helper_io.dart", "Dart", 5, 0, 0, 0, 0, 0, 0, 0, 0, 0, 0, 0, 17, 4, 26
"/Users/csells/Code/Other/flutter_ai_toolkit/lib/src/platform_helper/platform_helper_web.dart", "Dart", 2, 0, 0, 0, 0, 0, 0, 0, 0, 0, 0, 0, 15, 3, 20
"/Users/csells/Code/Other/flutter_ai_toolkit/lib/src/providers/implementations/echo_provider.dart", "Dart", 62, 0, 0, 0, 0, 0, 0, 0, 0, 0, 0, 0, 12, 17, 91
"/Users/csells/Code/Other/flutter_ai_toolkit/lib/src/providers/implementations/gemini_provider.dart", "Dart", 117, 0, 0, 0, 0, 0, 0, 0, 0, 0, 0, 0, 25, 22, 164
"/Users/csells/Code/Other/flutter_ai_toolkit/lib/src/providers/implementations/vertex_provider.dart", "Dart", 116, 0, 0, 0, 0, 0, 0, 0, 0, 0, 0, 0, 26, 21, 163
"/Users/csells/Code/Other/flutter_ai_toolkit/lib/src/providers/interface/attachments.dart", "Dart", 86, 0, 0, 0, 0, 0, 0, 0, 0, 0, 0, 0, 72, 21, 179
"/Users/csells/Code/Other/flutter_ai_toolkit/lib/src/providers/interface/chat_message.dart", "Dart", 38, 0, 0, 0, 0, 0, 0, 0, 0, 0, 0, 0, 30, 12, 80
"/Users/csells/Code/Other/flutter_ai_toolkit/lib/src/providers/interface/llm_provider.dart", "Dart", 20, 0, 0, 0, 0, 0, 0, 0, 0, 0, 0, 0, 70, 9, 99
"/Users/csells/Code/Other/flutter_ai_toolkit/lib/src/providers/interface/message_origin.dart", "Dart", 6, 0, 0, 0, 0, 0, 0, 0, 0, 0, 0, 0, 8, 5, 19
"/Users/csells/Code/Other/flutter_ai_toolkit/lib/src/providers/providers.dart", "Dart", 4, 0, 0, 0, 0, 0, 0, 0, 0, 0, 0, 0, 3, 2, 9
"/Users/csells/Code/Other/flutter_ai_toolkit/lib/src/styles/action_button_style.dart", "Dart", 139, 0, 0, 0, 0, 0, 0, 0, 0, 0, 0, 0, 26, 16, 181
"/Users/csells/Code/Other/flutter_ai_toolkit/lib/src/styles/action_button_type.dart", "Dart", 13, 0, 0, 0, 0, 0, 0, 0, 0, 0, 0, 0, 15, 12, 40
"/Users/csells/Code/Other/flutter_ai_toolkit/lib/src/styles/chat_input_style.dart", "Dart", 55, 0, 0, 0, 0, 0, 0, 0, 0, 0, 0, 0, 15, 13, 83
"/Users/csells/Code/Other/flutter_ai_toolkit/lib/src/styles/fat_colors.dart", "Dart", 31, 0, 0, 0, 0, 0, 0, 0, 0, 0, 0, 0, 38, 30, 99
"/Users/csells/Code/Other/flutter_ai_toolkit/lib/src/styles/fat_icons.dart", "Dart", 28, 0, 0, 0, 0, 0, 0, 0, 0, 0, 0, 0, 25, 16, 69
"/Users/csells/Code/Other/flutter_ai_toolkit/lib/src/styles/fat_text_styles.dart", "Dart", 55, 0, 0, 0, 0, 0, 0, 0, 0, 0, 0, 0, 34, 13, 102
"/Users/csells/Code/Other/flutter_ai_toolkit/lib/src/styles/file_attachment_style.dart", "Dart", 70, 0, 0, 0, 0, 0, 0, 0, 0, 0, 0, 0, 25, 14, 109
"/Users/csells/Code/Other/flutter_ai_toolkit/lib/src/styles/llm_chat_view_style.dart", "Dart", 171, 0, 0, 0, 0, 0, 0, 0, 0, 0, 0, 0, 35, 26, 232
"/Users/csells/Code/Other/flutter_ai_toolkit/lib/src/styles/llm_message_style.dart", "Dart", 110, 0, 0, 0, 0, 0, 0, 0, 0, 0, 0, 0, 28, 14, 152
"/Users/csells/Code/Other/flutter_ai_toolkit/lib/src/styles/style_helpers.dart", "Dart", 20, 0, 0, 0, 0, 0, 0, 0, 0, 0, 0, 0, 27, 5, 52
"/Users/csells/Code/Other/flutter_ai_toolkit/lib/src/styles/styles.dart", "Dart", 6, 0, 0, 0, 0, 0, 0, 0, 0, 0, 0, 0, 3, 2, 11
"/Users/csells/Code/Other/flutter_ai_toolkit/lib/src/styles/user_message_style.dart", "Dart", 44, 0, 0, 0, 0, 0, 0, 0, 0, 0, 0, 0, 20, 10, 74
"/Users/csells/Code/Other/flutter_ai_toolkit/lib/src/utility.dart", "Dart", 9, 0, 0, 0, 0, 0, 0, 0, 0, 0, 0, 0, 23, 5, 37
"/Users/csells/Code/Other/flutter_ai_toolkit/lib/src/views/action_button/action_button.dart", "Dart", 40, 0, 0, 0, 0, 0, 0, 0, 0, 0, 0, 0, 20, 8, 68
"/Users/csells/Code/Other/flutter_ai_toolkit/lib/src/views/action_button/action_button_bar.dart", "Dart", 19, 0, 0, 0, 0, 0, 0, 0, 0, 0, 0, 0, 14, 7, 40
"/Users/csells/Code/Other/flutter_ai_toolkit/lib/src/views/adaptive_progress_indicator.dart", "Dart", 11, 0, 0, 0, 0, 0, 0, 0, 0, 0, 0, 0, 13, 6, 30
"/Users/csells/Code/Other/flutter_ai_toolkit/lib/src/views/attachment_view/attachment_view.dart", "Dart", 14, 0, 0, 0, 0, 0, 0, 0, 0, 0, 0, 0, 13, 7, 34
"/Users/csells/Code/Other/flutter_ai_toolkit/lib/src/views/attachment_view/file_attatchment_view.dart", "Dart", 56, 0, 0, 0, 0, 0, 0, 0, 0, 0, 0, 0, 12, 7, 75
"/Users/csells/Code/Other/flutter_ai_toolkit/lib/src/views/attachment_view/image_attachment_view.dart", "Dart", 19, 0, 0, 0, 0, 0, 0, 0, 0, 0, 0, 0, 12, 6, 37
"/Users/csells/Code/Other/flutter_ai_toolkit/lib/src/views/chat_history_view.dart", "Dart", 52, 0, 0, 0, 0, 0, 0, 0, 0, 0, 0, 0, 19, 8, 79
"/Users/csells/Code/Other/flutter_ai_toolkit/lib/src/views/chat_input/attachments_action_bar.dart", "Dart", 94, 0, 0, 0, 0, 0, 0, 0, 0, 0, 0, 0, 14, 15, 123
"/Users/csells/Code/Other/flutter_ai_toolkit/lib/src/views/chat_input/attachments_view.dart", "Dart", 26, 0, 0, 0, 0, 0, 0, 0, 0, 0, 0, 0, 12, 7, 45
"/Users/csells/Code/Other/flutter_ai_toolkit/lib/src/views/chat_input/chat_input.dart", "Dart", 184, 0, 0, 0, 0, 0, 0, 0, 0, 0, 0, 0, 47, 28, 259
"/Users/csells/Code/Other/flutter_ai_toolkit/lib/src/views/chat_input/chat_suggestion_view.dart", "Dart", 33, 0, 0, 0, 0, 0, 0, 0, 0, 0, 0, 0, 12, 6, 51
"/Users/csells/Code/Other/flutter_ai_toolkit/lib/src/views/chat_input/input_button.dart", "Dart", 44, 0, 0, 0, 0, 0, 0, 0, 0, 0, 0, 0, 19, 11, 74
"/Users/csells/Code/Other/flutter_ai_toolkit/lib/src/views/chat_input/input_state.dart", "Dart", 7, 0, 0, 0, 0, 0, 0, 0, 0, 0, 0, 0, 9, 6, 22
"/Users/csells/Code/Other/flutter_ai_toolkit/lib/src/views/chat_input/removable_attachment.dart", "Dart", 50, 0, 0, 0, 0, 0, 0, 0, 0, 0, 0, 0, 12, 7, 69
"/Users/csells/Code/Other/flutter_ai_toolkit/lib/src/views/chat_message_view/adaptive_copy_text.dart", "Dart", 55, 0, 0, 0, 0, 0, 0, 0, 0, 0, 0, 0, 16, 10, 81
"/Users/csells/Code/Other/flutter_ai_toolkit/lib/src/views/chat_message_view/llm_message_view.dart", "Dart", 74, 0, 0, 0, 0, 0, 0, 0, 0, 0, 0, 0, 8, 7, 89
"/Users/csells/Code/Other/flutter_ai_toolkit/lib/src/views/chat_message_view/user_message_view.dart", "Dart", 68, 0, 0, 0, 0, 0, 0, 0, 0, 0, 0, 0, 13, 8, 89
"/Users/csells/Code/Other/flutter_ai_toolkit/lib/src/views/chat_text_field.dart", "Dart", 64, 0, 0, 0, 0, 0, 0, 0, 0, 0, 0, 0, 22, 16, 102
"/Users/csells/Code/Other/flutter_ai_toolkit/lib/src/views/jumping_dots_progress_indicator/jumping_dot.dart", "Dart", 24, 0, 0, 0, 0, 0, 0, 0, 0, 0, 0, 0, 11, 7, 42
"/Users/csells/Code/Other/flutter_ai_toolkit/lib/src/views/jumping_dots_progress_indicator/jumping_dots_progress_indicator.dart", "Dart", 81, 0, 0, 0, 0, 0, 0, 0, 0, 0, 0, 0, 24, 25, 130
"/Users/csells/Code/Other/flutter_ai_toolkit/lib/src/views/llm_chat_view/llm_chat_view.dart", "Dart", 179, 0, 0, 0, 0, 0, 0, 0, 0, 0, 0, 0, 52, 35, 266
"/Users/csells/Code/Other/flutter_ai_toolkit/lib/src/views/llm_chat_view/llm_response.dart", "Dart", 31, 0, 0, 0, 0, 0, 0, 0, 0, 0, 0, 0, 17, 10, 58
"/Users/csells/Code/Other/flutter_ai_toolkit/lib/src/views/response_builder.dart", "Dart", 5, 0, 0, 0, 0, 0, 0, 0, 0, 0, 0, 0, 13, 3, 21
"/Users/csells/Code/Other/flutter_ai_toolkit/lib/src/views/typing_indicator.dart", "Dart", 270, 0, 0, 0, 0, 0, 0, 0, 0, 0, 0, 0, 18, 38, 326
"/Users/csells/Code/Other/flutter_ai_toolkit/pubspec.yaml", "YAML", 0, 33, 0, 0, 0, 0, 0, 0, 0, 0, 0, 0, 0, 5, 38
"Total", "-", 5112, 79, 180, 66, 566, 72, 8, 617, 544, 69, 19, 5, 1570, 1361, 10268